year,value
2022,98.36857142857143
2023,86.15833333333333
2024,77.1425
2025,71.17833333333333
2026,67.265
2027,64.775
2028,62.989999999999995
2029,62.205
2030,62.045
